{"cameraMode":{"drawMode":0,"name":"Shaded","section":"Shading Mode"},"sceneLighting":true,"audioPlay":false,"sceneViewState":{"m_AlwaysRefresh":false,"showFog":true,"showSkybox":false,"showFlares":true,"showImageEffects":true,"showParticleSystems":true,"showVisualEffectGraphs":true,"m_FxEnabled":true},"in2DMode":false,"pivot":{"x":151.3509063720703,"y":0.12521982192993165,"z":-0.10332095623016358},"rotation":{"x":0.001057776273228228,"y":-0.9760241508483887,"z":0.21781566739082337,"w":0.00466908048838377},"size":12.484880447387696,"orthographic":false}